blast_profit,targeted_profit,threshold
430700,430700,0.0
430700,485590,0.1
430700,492140,0.2
430700,494080,0.30000000000000004
430700,491040,0.4
430700,485500,0.5
430700,475070,0.6000000000000001
430700,462280,0.7000000000000001
430700,439970,0.8
430700,391490,0.9
